{
    "error": 6.164913801274072e-10,
    "error_history": [
        0.8434866090730145,
        0.10228806021048226,
        0.013436715554250227,
        0.002294016760807744,
        0.0005609041838750795,
        0.00016423212927331758,
        5.070003796243979e-05,
        1.5950154943463226e-05,
        5.069293862193481e-06,
        1.6223862184755161e-06,
        5.219409885356676e-07,
        1.6859794684982932e-07,
        5.463831206527351e-08,
        1.7754156141494642e-08,
        5.781852534297041e-09,
        1.8864643697629043e-09,
        6.164913801274072e-10
    ],
    "finished": true,
    "iterations": 17,
    "time": 0.038631849,
    "x": {
        "data": [
            [
                0.10132672395006743
            ],
            [
                -0.07289944420844656
            ],
            [
                -0.025784191016667218
            ],
            [
                0.09806440870697995
            ],
            [
                -0.0533497183829933
            ],
            [
                -0.052809623359420424
            ],
            [
                0.09775276949454123
            ],
            [
                -0.02837152869344916
            ],
            [
                -0.07405432930267254
            ],
            [
                0.09004227028502688
            ],
            [
                -0.0008708987358212591
            ],
            [
                -0.08931033171546814
            ],
            [
                0.07520651013694835
            ],
            [
                0.02671782659672526
            ],
            [
                -0.09744296552945128
            ],
            [
                0.054383611573904256
            ],
            [
                0.05217995154967369
            ],
            [
                -0.09781260126740395
            ],
            [
                0.02922888150031675
            ],
            [
                0.07348559867998936
            ],
            [
                -0.09039047566911029
            ],
            [
                0.0017458243967636016
            ],
            [
                0.08893743798568157
            ],
            [
                -0.0757678909278653
            ],
            [
                -0.02587630156314461
            ],
            [
                0.0973045730814436
            ],
            [
                -0.05510967894048797
            ],
            [
                -0.05143713595743845
            ],
            [
                0.09792048176685181
            ],
            [
                -0.030061461480403177
            ],
            [
                -0.07290051757139292
            ],
            [
                0.09073610102097067
            ],
            [
                -0.002618565229339913
            ],
            [
                -0.08855668574788911
            ],
            [
                0.07632373448755875
            ],
            [
                0.025032924426988866
            ],
            [
                -0.09715847910717879
            ],
            [
                0.055831463021383795
            ],
            [
                0.050690305674885534
            ],
            [
                -0.09802068372180546
            ],
            [
                0.03089168921914949
            ],
            [
                0.07230972623351259
            ],
            [
                -0.09107461686648176
            ],
            [
                0.0034911011639462593
            ],
            [
                0.0881689954555972
            ],
            [
                -0.07687359824471855
            ],
            [
                -0.024187586008526038
            ],
            [
                0.09700477304703863
            ],
            [
                -0.05654887285847122
            ],
            [
                -0.04993950394631991
            ],
            [
                0.09811320603046034
            ],
            [
                -0.031719496679828256
            ],
            [
                -0.07171326963010412
            ],
            [
                0.09140599726986842
            ],
            [
                -0.0043633635804808555
            ],
            [
                -0.0877743973684242
            ],
            [
                0.07741743916988394
            ],
            [
                0.023340352560168125
            ],
            [
                -0.09684346693350188
            ],
            [
                0.05726185224910105
            ],
            [
                0.049184789596915315
            ],
            [
                -0.09819804144308728
            ],
            [
                0.03254481900641658
            ],
            [
                0.07111119449204811
            ],
            [
                -0.09173021626832539
            ],
            [
                0.005235284139649532
            ],
            [
                0.08737292240204422
            ],
            [
                -0.07795521465462883
            ],
            [
                -0.022491290460290084
            ],
            [
                0.09667457340444817
            ],
            [
                -0.057970345333378484
            ],
            [
                -0.04842622175675617
            ],
            [
                0.09827518331158439
            ],
            [
                -0.03336759154279396
            ],
            [
                -0.07050354800820392
            ],
            [
                0.09204724840884664
            ],
            [
                -0.0061067946638404804
            ],
            [
                -0.08696460234500962
            ],
            [
                0.07848688176999416
            ],
            [
                0.02164046438115862
            ],
            [
                -0.09649810993222951
            ],
            [
                0.05867428696121423
            ],
            [
                0.047663837995983
            ],
            [
                -0.09834467500304614
            ],
            [
                0.03418763800330914
            ],
            [
                0.06989012560169629
            ],
            [
                -0.09235764022495187
            ],
            [
                0.006976541725378087
            ],
            [
                0.08654654701859917
            ],
            [
                -0.07901893475040085
            ],
            [
                -0.02080292646234821
            ],
            [
                0.0962809954088286
            ],
            [
                -0.05945095350304662
            ],
            [
                -0.04706360532228914
            ],
            [
                0.0980018458952255
            ],
            [
                -0.03581706137427729
            ],
            [
                -0.07145289132326584
            ],
            [
                0.08891651740571806
            ],
            [
                -0.020338103245425433
            ],
            [
                -0.10058986038171275
            ]
        ],
        "shape": [
            100,
            1
        ]
    }
}