{
    "error": 8.19264928266043e-10,
    "error_history": [
        1.8754289030827047,
        0.49875633382742607,
        0.1329584207521558,
        0.03553566259128233,
        0.009543101317301104,
        0.00259247010841178,
        0.0007252787181238542,
        0.0002173242475109744,
        7.366046835661107e-05,
        2.881254684669064e-05,
        1.249014351450689e-05,
        5.701573638743036e-06,
        2.662035245359858e-06,
        1.2558774649911619e-06,
        5.959183089510545e-07,
        2.8388175663198117e-07,
        1.3565523327924948e-07,
        6.499494638029362e-08,
        3.121239566356677e-08,
        1.5020048005385035e-08,
        7.241416433098131e-09,
        3.497102519241568e-09,
        1.691456510725821e-09,
        8.19264928266043e-10
    ],
    "finished": true,
    "iterations": 24,
    "time": 0.068199362,
    "x": {
        "data": [
            [
                0.10132672394334112
            ],
            [
                -0.07289944421896628
            ],
            [
                -0.025784191031531803
            ],
            [
                0.09806440868882538
            ],
            [
                -0.05334971840382663
            ],
            [
                -0.052809623382041544
            ],
            [
                0.09775276947095289
            ],
            [
                -0.028371528717186387
            ],
            [
                -0.07405432932584334
            ],
            [
                0.09004227026302991
            ],
            [
                -0.0008708987561664308
            ],
            [
                -0.08931033173383301
            ],
            [
                0.0752065101207492
            ],
            [
                0.026717826582759584
            ],
            [
                -0.0974429655412277
            ],
            [
                0.05438361156418206
            ],
            [
                0.05217995154181963
            ],
            [
                -0.09781260127361241
            ],
            [
                0.029228881495508258
            ],
            [
                0.07348559867634408
            ],
            [
                -0.09039047567181181
            ],
            [
                0.0017458243948011488
            ],
            [
                0.08893743798428597
            ],
            [
                -0.07576789092883252
            ],
            [
                -0.025876301563802138
            ],
            [
                0.09730457308100493
            ],
            [
                -0.055109678940770485
            ],
            [
                -0.051437135957617126
            ],
            [
                0.09792048176673901
            ],
            [
                -0.03006146148046966
            ],
            [
                -0.07290051757143104
            ],
            [
                0.09073610102094645
            ],
            [
                -0.002618565229352497
            ],
            [
                -0.08855668574789438
            ],
            [
                0.07632373448755375
            ],
            [
                0.02503292442698654
            ],
            [
                -0.09715847910717801
            ],
            [
                0.055831463021382345
            ],
            [
                0.0506903056748844
            ],
            [
                -0.09802068372180382
            ],
            [
                0.0308916892191489
            ],
            [
                0.07230972623351127
            ],
            [
                -0.09107461686648015
            ],
            [
                0.0034911011639462003
            ],
            [
                0.08816899545559563
            ],
            [
                -0.07687359824471719
            ],
            [
                -0.0241875860085256
            ],
            [
                0.0970047730470369
            ],
            [
                -0.05654887285847022
            ],
            [
                -0.04993950394631902
            ],
            [
                0.09811320603045859
            ],
            [
                -0.0317194966798277
            ],
            [
                -0.07171326963010283
            ],
            [
                0.0914059972698668
            ],
            [
                -0.004363363580480783
            ],
            [
                -0.08777439736842263
            ],
            [
                0.07741743916988256
            ],
            [
                0.023340352560167702
            ],
            [
                -0.09684346693350016
            ],
            [
                0.057261852249100034
            ],
            [
                0.0491847895969144
            ],
            [
                -0.09819804144308567
            ],
            [
                0.03254481900641559
            ],
            [
                0.07111119449204557
            ],
            [
                -0.0917302162683275
            ],
            [
                0.005235284139639084
            ],
            [
                0.08737292240201502
            ],
            [
                -0.07795521465469873
            ],
            [
                -0.022491290460468126
            ],
            [
                0.096674573404014
            ],
            [
                -0.057970345334378975
            ],
            [
                -0.04842622175893073
            ],
            [
                0.09827518330722687
            ],
            [
                -0.03336759155074471
            ],
            [
                -0.07050354802138434
            ],
            [
                0.09204724838897116
            ],
            [
                -0.00610679469121249
            ],
            [
                -0.08696460237963563
            ],
            [
                0.07848688172955418
            ],
            [
                0.02164046433741517
            ],
            [
                -0.09649810997608074
            ],
            [
                0.058674286920650846
            ],
            [
                0.04766383796185901
            ],
            [
                -0.09834467502817312
            ],
            [
                0.034187637988949734
            ],
            [
                0.06989012559906096
            ],
            [
                -0.09235764021566649
            ],
            [
                0.006976541746120274
            ],
            [
                0.0865465470498116
            ],
            [
                -0.0790189347101157
            ],
            [
                -0.02080292641472828
            ],
            [
                0.09628099546178565
            ],
            [
                -0.0594509534469492
            ],
            [
                -0.04706360526538375
            ],
            [
                0.09800184595050043
            ],
            [
                -0.035817061322961745
            ],
            [
                -0.07145289127833201
            ],
            [
                0.08891651744261922
            ],
            [
                -0.02033810321925776
            ],
            [
                -0.10058986036495678
            ]
        ],
        "shape": [
            100,
            1
        ]
    }
}