{
    "error": 8.192649787036879e-10,
    "error_history": [
        1.8754289030827047,
        0.49875633382742607,
        0.1329584207521558,
        0.03553566259128243,
        0.009543101317301149,
        0.0025924701084117678,
        0.0007252787181238035,
        0.00021732424751097406,
        7.366046835666755e-05,
        2.881254684670611e-05,
        1.2490143514571121e-05,
        5.701573638745054e-06,
        2.6620352453430517e-06,
        1.2558774649795793e-06,
        5.959183089297139e-07,
        2.838817566383246e-07,
        1.3565523324920628e-07,
        6.499494638130158e-08,
        3.121239560975802e-08,
        1.502004802984811e-08,
        7.241416368344888e-09,
        3.497102523177461e-09,
        1.6914565308986481e-09,
        8.192649787036879e-10
    ],
    "finished": true,
    "iterations": 24,
    "time": 0.0780888,
    "x": {
        "data": [
            [
                0.10132672394334112
            ],
            [
                -0.07289944421896628
            ],
            [
                -0.025784191031531803
            ],
            [
                0.09806440868882538
            ],
            [
                -0.05334971840382663
            ],
            [
                -0.05280962338204155
            ],
            [
                0.09775276947095289
            ],
            [
                -0.02837152871718639
            ],
            [
                -0.07405432932584335
            ],
            [
                0.09004227026302991
            ],
            [
                -0.0008708987561664326
            ],
            [
                -0.08931033173383301
            ],
            [
                0.0752065101207492
            ],
            [
                0.026717826582759584
            ],
            [
                -0.0974429655412277
            ],
            [
                0.05438361156418207
            ],
            [
                0.05217995154181963
            ],
            [
                -0.09781260127361241
            ],
            [
                0.029228881495508258
            ],
            [
                0.07348559867634408
            ],
            [
                -0.09039047567181181
            ],
            [
                0.001745824394801147
            ],
            [
                0.08893743798428597
            ],
            [
                -0.07576789092883253
            ],
            [
                -0.02587630156380214
            ],
            [
                0.09730457308100493
            ],
            [
                -0.055109678940770485
            ],
            [
                -0.051437135957617126
            ],
            [
                0.09792048176673901
            ],
            [
                -0.030061461480469658
            ],
            [
                -0.07290051757143104
            ],
            [
                0.09073610102094648
            ],
            [
                -0.0026185652293524916
            ],
            [
                -0.08855668574789438
            ],
            [
                0.07632373448755377
            ],
            [
                0.025032924426986545
            ],
            [
                -0.09715847910717801
            ],
            [
                0.055831463021382345
            ],
            [
                0.0506903056748844
            ],
            [
                -0.09802068372180382
            ],
            [
                0.0308916892191489
            ],
            [
                0.07230972623351127
            ],
            [
                -0.09107461686648015
            ],
            [
                0.0034911011639462003
            ],
            [
                0.08816899545559563
            ],
            [
                -0.07687359824471719
            ],
            [
                -0.0241875860085256
            ],
            [
                0.0970047730470369
            ],
            [
                -0.05654887285847022
            ],
            [
                -0.04993950394631902
            ],
            [
                0.09811320603045859
            ],
            [
                -0.0317194966798277
            ],
            [
                -0.07171326963010283
            ],
            [
                0.0914059972698668
            ],
            [
                -0.004363363580480783
            ],
            [
                -0.08777439736842263
            ],
            [
                0.07741743916988257
            ],
            [
                0.023340352560167702
            ],
            [
                -0.09684346693350016
            ],
            [
                0.057261852249100034
            ],
            [
                0.0491847895969144
            ],
            [
                -0.09819804144308567
            ],
            [
                0.03254481900641559
            ],
            [
                0.07111119449204557
            ],
            [
                -0.0917302162683275
            ],
            [
                0.005235284139639082
            ],
            [
                0.08737292240201502
            ],
            [
                -0.07795521465469873
            ],
            [
                -0.022491290460468126
            ],
            [
                0.096674573404014
            ],
            [
                -0.057970345334378975
            ],
            [
                -0.04842622175893073
            ],
            [
                0.09827518330722687
            ],
            [
                -0.03336759155074471
            ],
            [
                -0.07050354802138434
            ],
            [
                0.09204724838897116
            ],
            [
                -0.006106794691212488
            ],
            [
                -0.08696460237963564
            ],
            [
                0.07848688172955418
            ],
            [
                0.02164046433741517
            ],
            [
                -0.09649810997608074
            ],
            [
                0.058674286920650846
            ],
            [
                0.04766383796185901
            ],
            [
                -0.09834467502817312
            ],
            [
                0.034187637988949734
            ],
            [
                0.06989012559906098
            ],
            [
                -0.09235764021566649
            ],
            [
                0.006976541746120274
            ],
            [
                0.0865465470498116
            ],
            [
                -0.07901893471011569
            ],
            [
                -0.02080292641472828
            ],
            [
                0.09628099546178565
            ],
            [
                -0.0594509534469492
            ],
            [
                -0.04706360526538375
            ],
            [
                0.09800184595050043
            ],
            [
                -0.035817061322961745
            ],
            [
                -0.07145289127833201
            ],
            [
                0.08891651744261923
            ],
            [
                -0.02033810321925776
            ],
            [
                -0.10058986036495678
            ]
        ],
        "shape": [
            100,
            1
        ]
    }
}