{
    "error": 7.244833297987496e-16,
    "error_history": [],
    "finished": true,
    "iterations": 1,
    "time": 0.0329174,
    "x": {
        "data": [
            [
                0.10132672395007211
            ],
            [
                -0.07289944420844194
            ],
            [
                -0.025784191016662846
            ],
            [
                0.09806440870698348
            ],
            [
                -0.05334971838299061
            ],
            [
                -0.052809623359418446
            ],
            [
                0.09775276949454265
            ],
            [
                -0.028371528693448212
            ],
            [
                -0.07405432930267193
            ],
            [
                0.09004227028502731
            ],
            [
                -0.0008708987358209995
            ],
            [
                -0.08931033171546797
            ],
            [
                0.07520651013694847
            ],
            [
                0.026717826596725322
            ],
            [
                -0.09744296552945125
            ],
            [
                0.054383611573904304
            ],
            [
                0.05217995154967372
            ],
            [
                -0.09781260126740395
            ],
            [
                0.029228881500316765
            ],
            [
                0.07348559867998937
            ],
            [
                -0.0903904756691103
            ],
            [
                0.0017458243967636072
            ],
            [
                0.08893743798568156
            ],
            [
                -0.07576789092786533
            ],
            [
                -0.02587630156314461
            ],
            [
                0.09730457308144362
            ],
            [
                -0.05510967894048798
            ],
            [
                -0.05143713595743845
            ],
            [
                0.09792048176685182
            ],
            [
                -0.03006146148040319
            ],
            [
                -0.07290051757139293
            ],
            [
                0.0907361010209707
            ],
            [
                -0.002618565229339925
            ],
            [
                -0.08855668574788912
            ],
            [
                0.07632373448755876
            ],
            [
                0.025032924426988866
            ],
            [
                -0.09715847910717879
            ],
            [
                0.0558314630213838
            ],
            [
                0.050690305674885534
            ],
            [
                -0.09802068372180547
            ],
            [
                0.0308916892191495
            ],
            [
                0.07230972623351259
            ],
            [
                -0.09107461686648177
            ],
            [
                0.0034911011639462627
            ],
            [
                0.0881689954555972
            ],
            [
                -0.07687359824471858
            ],
            [
                -0.024187586008526035
            ],
            [
                0.09700477304703865
            ],
            [
                -0.05654887285847123
            ],
            [
                -0.04993950394631991
            ],
            [
                0.09811320603046035
            ],
            [
                -0.03171949667982827
            ],
            [
                -0.07171326963010412
            ],
            [
                0.09140599726986845
            ],
            [
                -0.0043633635804808625
            ],
            [
                -0.08777439736842423
            ],
            [
                0.07741743916988394
            ],
            [
                0.023340352560168087
            ],
            [
                -0.09684346693350196
            ],
            [
                0.0572618522491009
            ],
            [
                0.04918478959691496
            ],
            [
                -0.09819804144308811
            ],
            [
                0.03254481900641476
            ],
            [
                0.07111119449204399
            ],
            [
                -0.09173021626833475
            ],
            [
                0.00523528413962844
            ],
            [
                0.08737292240199657
            ],
            [
                -0.07795521465473654
            ],
            [
                -0.022491290460533022
            ],
            [
                0.09667457340390441
            ],
            [
                -0.0579703453345674
            ],
            [
                -0.048426221759239337
            ],
            [
                0.09827518330673529
            ],
            [
                -0.03336759155151768
            ],
            [
                -0.07050354802256709
            ],
            [
                0.09204724838720618
            ],
            [
                -0.006106794693795778
            ],
            [
                -0.08696460238333203
            ],
            [
                0.07848688172438402
            ],
            [
                0.021640464330330348
            ],
            [
                -0.09649810998558557
            ],
            [
                0.058674286908171586
            ],
            [
                0.04766383794580915
            ],
            [
                -0.0983446750483898
            ],
            [
                0.03418763796402039
            ],
            [
                0.06989012556896025
            ],
            [
                -0.09235764025124676
            ],
            [
                0.006976541704975515
            ],
            [
                0.08654654700328296
            ],
            [
                -0.0790189347615375
            ],
            [
                -0.020802926470196322
            ],
            [
                0.09628099540346818
            ],
            [
                -0.0594509535065927
            ],
            [
                -0.04706360532455742
            ],
            [
                0.09800184589382721
            ],
            [
                -0.03581706137510369
            ],
            [
                -0.0714528913237287
            ],
            [
                0.08891651740547564
            ],
            [
                -0.020338103245536688
            ],
            [
                -0.10058986038175695
            ]
        ],
        "shape": [
            100,
            1
        ]
    }
}