{
    "error": 9.602348660289012e-16,
    "error_history": [],
    "finished": true,
    "iterations": 1,
    "time": 0.0572252,
    "x": {
        "data": [
            [
                0.10132672395007211
            ],
            [
                -0.07289944420844194
            ],
            [
                -0.02578419101666285
            ],
            [
                0.09806440870698348
            ],
            [
                -0.05334971838299063
            ],
            [
                -0.05280962335941846
            ],
            [
                0.09775276949454262
            ],
            [
                -0.02837152869344822
            ],
            [
                -0.07405432930267193
            ],
            [
                0.09004227028502731
            ],
            [
                -0.0008708987358209993
            ],
            [
                -0.08931033171546797
            ],
            [
                0.07520651013694847
            ],
            [
                0.026717826596725322
            ],
            [
                -0.09744296552945125
            ],
            [
                0.0543836115739043
            ],
            [
                0.05217995154967372
            ],
            [
                -0.09781260126740395
            ],
            [
                0.029228881500316776
            ],
            [
                0.07348559867998937
            ],
            [
                -0.0903904756691103
            ],
            [
                0.001745824396763609
            ],
            [
                0.08893743798568156
            ],
            [
                -0.07576789092786532
            ],
            [
                -0.025876301563144608
            ],
            [
                0.09730457308144362
            ],
            [
                -0.05510967894048799
            ],
            [
                -0.05143713595743844
            ],
            [
                0.09792048176685181
            ],
            [
                -0.03006146148040319
            ],
            [
                -0.07290051757139293
            ],
            [
                0.09073610102097068
            ],
            [
                -0.0026185652293399227
            ],
            [
                -0.08855668574788911
            ],
            [
                0.07632373448755876
            ],
            [
                0.025032924426988862
            ],
            [
                -0.09715847910717879
            ],
            [
                0.0558314630213838
            ],
            [
                0.05069030567488553
            ],
            [
                -0.09802068372180546
            ],
            [
                0.030891689219149497
            ],
            [
                0.07230972623351259
            ],
            [
                -0.09107461686648177
            ],
            [
                0.0034911011639462606
            ],
            [
                0.08816899545559718
            ],
            [
                -0.07687359824471857
            ],
            [
                -0.02418758600852603
            ],
            [
                0.09700477304703864
            ],
            [
                -0.056548872858471225
            ],
            [
                -0.0499395039463199
            ],
            [
                0.09811320603046035
            ],
            [
                -0.03171949667982827
            ],
            [
                -0.07171326963010412
            ],
            [
                0.09140599726986844
            ],
            [
                -0.0043633635804808625
            ],
            [
                -0.08777439736842421
            ],
            [
                0.07741743916988393
            ],
            [
                0.023340352560168084
            ],
            [
                -0.09684346693350196
            ],
            [
                0.0572618522491009
            ],
            [
                0.049184789596914955
            ],
            [
                -0.0981980414430881
            ],
            [
                0.03254481900641476
            ],
            [
                0.07111119449204398
            ],
            [
                -0.09173021626833473
            ],
            [
                0.005235284139628441
            ],
            [
                0.08737292240199657
            ],
            [
                -0.07795521465473652
            ],
            [
                -0.02249129046053302
            ],
            [
                0.0966745734039044
            ],
            [
                -0.057970345334567394
            ],
            [
                -0.048426221759239337
            ],
            [
                0.09827518330673528
            ],
            [
                -0.033367591551517674
            ],
            [
                -0.07050354802256707
            ],
            [
                0.09204724838720617
            ],
            [
                -0.006106794693795776
            ],
            [
                -0.08696460238333202
            ],
            [
                0.07848688172438402
            ],
            [
                0.021640464330330348
            ],
            [
                -0.09649810998558556
            ],
            [
                0.05867428690817157
            ],
            [
                0.04766383794580913
            ],
            [
                -0.0983446750483898
            ],
            [
                0.03418763796402038
            ],
            [
                0.06989012556896024
            ],
            [
                -0.09235764025124676
            ],
            [
                0.006976541704975514
            ],
            [
                0.08654654700328296
            ],
            [
                -0.0790189347615375
            ],
            [
                -0.020802926470196322
            ],
            [
                0.09628099540346817
            ],
            [
                -0.0594509535065927
            ],
            [
                -0.04706360532455742
            ],
            [
                0.0980018458938272
            ],
            [
                -0.03581706137510369
            ],
            [
                -0.07145289132372869
            ],
            [
                0.08891651740547564
            ],
            [
                -0.020338103245536688
            ],
            [
                -0.10058986038175695
            ]
        ],
        "shape": [
            100,
            1
        ]
    }
}